year,COLEOPTERA_CURCULIONIDAE_N/A_uid,COLEOPTERA_DRYOPIDAE_HELICHUS_basalis,COLEOPTERA_DRYOPIDAE_HELICHUS_fastigiatus,COLEOPTERA_DRYOPIDAE_HELICHUS_sp,COLEOPTERA_DRYOPIDAE_HELICHUS_striatus,COLEOPTERA_DYTISCIDAE_HYDROPORUS_sp,COLEOPTERA_ELMIDAE_OPTIOSERVUS_ovalis,COLEOPTERA_ELMIDAE_OPTIOSERVUS_sp,COLEOPTERA_ELMIDAE_OPTIOSERVUS_tardellus,COLEOPTERA_ELMIDAE_OPTIOSERVUS_trivittatus,COLEOPTERA_ELMIDAE_OULIMNIUS_latiusculus,COLEOPTERA_ELMIDAE_OULIMNIUS_sp,COLEOPTERA_ELMIDAE_STENELMIS_crenata,COLEOPTERA_PSEPHENIDAE_ECTOPRIA_leechi,COLEOPTERA_PSEPHENIDAE_ECTOPRIA_sp,DIPTERA_ATHERICIDAE_ATHERIX_sp,DIPTERA_CERATOPOGONIDAE_N/A_group,DIPTERA_CHIRONOMIDAE_BOREOCHLUS_sp,DIPTERA_CHIRONOMIDAE_BRILLIA_sp,DIPTERA_CHIRONOMIDAE_BRUNDINIELLA_sp,DIPTERA_CHIRONOMIDAE_CARDIOCLADIUS_sp,DIPTERA_CHIRONOMIDAE_CHAETOCLADIUS_ligni,DIPTERA_CHIRONOMIDAE_CHAETOCLADIUS_sp,DIPTERA_CHIRONOMIDAE_CORYNOCERA_sp,DIPTERA_CHIRONOMIDAE_CORYNONEURA_sp,DIPTERA_CHIRONOMIDAE_CRICOTOPUS_bicinctus,DIPTERA_CHIRONOMIDAE_CRICOTOPUS_sp a,DIPTERA_CHIRONOMIDAE_CRICOTOPUS_tremulus,DIPTERA_CHIRONOMIDAE_CRICOTOPUS_trifascia grp,DIPTERA_CHIRONOMIDAE_DIAMESA_sp,DIPTERA_CHIRONOMIDAE_EUKIEFFERIELLA_brehmi grp,DIPTERA_CHIRONOMIDAE_EUKIEFFERIELLA_brevicalcar grp,DIPTERA_CHIRONOMIDAE_EUKIEFFERIELLA_claripennis grp,DIPTERA_CHIRONOMIDAE_EUKIEFFERIELLA_pseudomontana grp,DIPTERA_CHIRONOMIDAE_EUKIEFFERIELLA_sp,DIPTERA_CHIRONOMIDAE_HETEROTRISSOCLADIUS_sp,DIPTERA_CHIRONOMIDAE_LARSIA_sp,DIPTERA_CHIRONOMIDAE_LIMNOPHYES_sp,DIPTERA_CHIRONOMIDAE_MICROPSECTRA_sp,DIPTERA_CHIRONOMIDAE_MICROTENDIPES_pedellus grp,DIPTERA_CHIRONOMIDAE_MICROTENDIPES_sp,DIPTERA_CHIRONOMIDAE_N/A_group,DIPTERA_CHIRONOMIDAE_ORTHOCLADIUS_lignicola,DIPTERA_CHIRONOMIDAE_ORTHOCLADIUS_sp,DIPTERA_CHIRONOMIDAE_ORTHOCLADIUS_spa,DIPTERA_CHIRONOMIDAE_PAGASTIA_sp,DIPTERA_CHIRONOMIDAE_PARACHAETOCLADIUS_sp,DIPTERA_CHIRONOMIDAE_PARALIMNOPHYES_sp,DIPTERA_CHIRONOMIDAE_PARAMETRIOCNEMUS_sp,DIPTERA_CHIRONOMIDAE_PARAPHAENOCLADIUS_sp,DIPTERA_CHIRONOMIDAE_PLATYSMITTIA_fimbriata,DIPTERA_CHIRONOMIDAE_POLYPEDILUM_aviceps,DIPTERA_CHIRONOMIDAE_POLYPEDILUM_fallax grp,DIPTERA_CHIRONOMIDAE_POLYPEDILUM_illinoense,DIPTERA_CHIRONOMIDAE_POLYPEDILUM_tritum,DIPTERA_CHIRONOMIDAE_POTTHASTIA_longimana,DIPTERA_CHIRONOMIDAE_PSILOMETRIOCNEMUS_sp,DIPTERA_CHIRONOMIDAE_RHEOCRICOTOPUS_sp,DIPTERA_CHIRONOMIDAE_RHEOTANYTARSUS_exiguus,DIPTERA_CHIRONOMIDAE_RHEOTANYTARSUS_pellucidus,DIPTERA_CHIRONOMIDAE_STEMPELLINELLA_sp,DIPTERA_CHIRONOMIDAE_SYNORTHOCLADIUS_sp,DIPTERA_CHIRONOMIDAE_TANYTARSUS_sp,DIPTERA_CHIRONOMIDAE_THIENEMANNIELLA_sp,DIPTERA_CHIRONOMIDAE_THIENEMANNIMYIA_sp,DIPTERA_CHIRONOMIDAE_TVETENIA_bavarica grp,DIPTERA_CHIRONOMIDAE_TVETENIA_paucunca,DIPTERA_CHIRONOMIDAE_TVETENIA_vitracies,DIPTERA_DIXIDAE_DIXA_sp,DIPTERA_EMPIDIDAE_N/A_uid,DIPTERA_EMPIDIDAE_OREOGETON_sp,DIPTERA_SIMULIIDAE_SIMULIIUM_tubersom grp,DIPTERA_TIPULIDAE_ANTOCHA_sp,DIPTERA_TIPULIDAE_DICRANOTA_sp,DIPTERA_TIPULIDAE_HEXATOMA_sp,DIPTERA_TIPULIDAE_HEXATOMA_sp a,DIPTERA_TIPULIDAE_HEXATOMA_sp b,DIPTERA_TIPULIDAE_TIPULA_sp,DIPTERA_TIPULIDAE_TIPULA_sp a,EPHEMEROPTERA_BAETIDAE_ACENTRELLA_sp,EPHEMEROPTERA_BAETIDAE_ACENTRELLA_turbida,EPHEMEROPTERA_BAETIDAE_BAETIS_flavistriga,EPHEMEROPTERA_BAETIDAE_BAETIS_group,EPHEMEROPTERA_BAETIDAE_BAETIS_intercalaris,EPHEMEROPTERA_BAETIDAE_BAETIS_pluto,EPHEMEROPTERA_BAETIDAE_BAETIS_sp,EPHEMEROPTERA_BAETIDAE_BAETIS_sp b,EPHEMEROPTERA_BAETIDAE_BAETIS_tricaudatus,EPHEMEROPTERA_BAETIDAE_DIPHETOR_hageni,EPHEMEROPTERA_BAETIDAE_N/A_imm,EPHEMEROPTERA_BAETIDAE_N/A_uid,EPHEMEROPTERA_BAETIDAE_PLAUDITUS_sp,EPHEMEROPTERA_EPHEMERELLIDAE_EPHEMERELLA_aurivillii,EPHEMEROPTERA_EPHEMERELLIDAE_EPHEMERELLA_group,EPHEMEROPTERA_EPHEMERELLIDAE_EPHEMERELLA_sp,EPHEMEROPTERA_EPHEMERELLIDAE_EPHEMERELLA_subvaria,EPHEMEROPTERA_EPHEMERELLIDAE_EURYLOPHELLA_funeralis,EPHEMEROPTERA_EPHEMERELLIDAE_EURYLOPHELLA_sp,EPHEMEROPTERA_EPHEMERELLIDAE_N/A_imm,EPHEMEROPTERA_EPHEMERELLIDAE_N/A_uid,EPHEMEROPTERA_EPHEMERELLIDAE_SERRATELLA_serratoides,EPHEMEROPTERA_EPHEMERELLIDAE_TELOGANOPSIS_deficiens,EPHEMEROPTERA_HEPTAGENIIDAE_EPEORUS_fragilis,EPHEMEROPTERA_HEPTAGENIIDAE_EPEORUS_frisoni,EPHEMEROPTERA_HEPTAGENIIDAE_EPEORUS_sp,EPHEMEROPTERA_HEPTAGENIIDAE_EPEORUS_vitreus,EPHEMEROPTERA_HEPTAGENIIDAE_HEPTAGENIA_sp,EPHEMEROPTERA_HEPTAGENIIDAE_LEUCROCUTA_sp,EPHEMEROPTERA_HEPTAGENIIDAE_MACCAFFERTIUM_luteum,EPHEMEROPTERA_HEPTAGENIIDAE_MACCAFFERTIUM_sp,EPHEMEROPTERA_HEPTAGENIIDAE_MACCAFFERTIUM_vicarium,EPHEMEROPTERA_HEPTAGENIIDAE_N/A_imm,EPHEMEROPTERA_HEPTAGENIIDAE_N/A_uid,EPHEMEROPTERA_HEPTAGENIIDAE_RHITHROGENA_sp,EPHEMEROPTERA_LEPTOPHLEBIIDAE_HABROPHLEBIA_vibrans,EPHEMEROPTERA_LEPTOPHLEBIIDAE_HABROPHLEBIODES_sp,EPHEMEROPTERA_LEPTOPHLEBIIDAE_N/A_imm,EPHEMEROPTERA_LEPTOPHLEBIIDAE_N/A_uid,EPHEMEROPTERA_LEPTOPHLEBIIDAE_NEOLEPTOPHLEBIA_sp,EPHEMEROPTERA_LEPTOPHLEBIIDAE_PARALEPTOPHLEBIA_sp,HYDRACHNIDIA_HYDRYPHANTIDAE_PROTZIA_sp,HYDRACHNIDIA_LEBERTIIDAE_LEBERTIA_sp,HYDRACHNIDIA_SPERCHONIDAE_SPERCHON_sp,LEPIDOPTERA_CRAMBIDAE_CRAMBUS_sp,LEPIDOPTERA_NOCTUIDAE_N/A_uid,LEPIDOPTERA_PYRALIDAE_N/A_uid,LEPIDOPTERA_TORTRICIDAE_ARCHIPS_sp,MEGALOPTERA_SIALIDAE_SIALIS_sp,NEMATOMORPHA_N/A_UID_,NEOOPHORA_DUGESIIDAE_CURA_foremanii,NEOOPHORA_DUGESIIDAE_CURA_sp,ODONATA_CORDULEGASTRIDAE_CORDULEGASTER_sp,ODONATA_GOMPHIDAE_LANTHUS_parvulus,ODONATA_GOMPHIDAE_LANTHUS_sp,ODONATA_GOMPHIDAE_N/A_imm,ODONATA_GOMPHIDAE_N/A_uid,OLIGOCHAETA_ENCHYTRAEIDAE_N/A_uid,OLIGOCHAETA_LUMBRICULIDAE_LUMBRICULUS_sp,OLIGOCHAETA_LUMBRICULIDAE_N/A_uid,OLIGOCHAETA_NAIDIDAE_N/A_naididae unid,OLIGOCHAETA_NAIDIDAE_PRISTINELLA_osborni,OLIGOCHAETA_NAIDIDAE-TUBIFICOID_N/A_Tubificoid unid,PLECOPTERA_CAPNIIDAE_N/A_imm,PLECOPTERA_CAPNIIDAE_N/A_uid,PLECOPTERA_CAPNIIDAE_PARACAPNIA_sp,PLECOPTERA_CHLOROPERLIDAE_GENUS A_sp,PLECOPTERA_CHLOROPERLIDAE_N/A_imm,PLECOPTERA_CHLOROPERLIDAE_N/A_uid,PLECOPTERA_CHLOROPERLIDAE_SUWALLIA_sp,PLECOPTERA_CHLOROPERLIDAE_SWELTSA_sp,PLECOPTERA_CHLOROPERLIDAE_UTAPERLA_sp,PLECOPTERA_LEUCTRIDAE_LEUCTRA_sp,PLECOPTERA_LEUCTRIDAE_N/A_imm,PLECOPTERA_LEUCTRIDAE_N/A_uid,PLECOPTERA_NEMOURIDAE_N/A_imm,PLECOPTERA_NEMOURIDAE_SOYEDINA_sp,PLECOPTERA_PELTOPERLIDAE_N/A_uid,PLECOPTERA_PELTOPERLIDAE_PELTOPERLA_sp,PLECOPTERA_PELTOPERLIDAE_TALLAPERLA_maria,PLECOPTERA_PELTOPERLIDAE_TALLAPERLA_sp,PLECOPTERA_PERLIDAE_ACRONEURIA_carolinensis,PLECOPTERA_PERLIDAE_ACRONEURIA_sp,PLECOPTERA_PERLIDAE_AGNETINA_capitata,PLECOPTERA_PERLIDAE_N/A_imm,PLECOPTERA_PERLIDAE_PARAGNETINA_sp,PLECOPTERA_PERLODIDAE_ISOPERLA_lata,PLECOPTERA_PERLODIDAE_ISOPERLA_sp,PLECOPTERA_PERLODIDAE_ISOPERLA_sp a,PLECOPTERA_PERLODIDAE_MALIREKUS_iroquois,PLECOPTERA_PERLODIDAE_MALIREKUS_sp,PLECOPTERA_PTERONARCYIDAE_PTERONARCYS_proteus,PLECOPTERA_PTERONARCYIDAE_PTERONARCYS_sp,PLECOPTERA_TAENIOPTERYGIDAE_N/A_imm,PLECOPTERA_TAENIOPTERYGIDAE_TAENIONEMA_sp,TRICHOPTERA_APATANIIDAE_APATANIA_sp,TRICHOPTERA_BRACHYCENTRIDAE_ADICROPHLEPS_sp,TRICHOPTERA_BRACHYCENTRIDAE_MICRASEMA_sp,TRICHOPTERA_GLOSSOSOMATIDAE_GLOSSOSOMA_sp,TRICHOPTERA_HYDROPSYCHIDAE_ARCTOPSYCHE_ladogensis,TRICHOPTERA_HYDROPSYCHIDAE_ARCTOPSYCHE_sp,TRICHOPTERA_HYDROPSYCHIDAE_CERATOPSYCHE_sp,TRICHOPTERA_HYDROPSYCHIDAE_CHEUMATOPSYCHE_sp,TRICHOPTERA_HYDROPSYCHIDAE_DIPLECTRONA_modesta,TRICHOPTERA_HYDROPSYCHIDAE_DIPLECTRONA_sp,TRICHOPTERA_HYDROPSYCHIDAE_HYDROPSYCHE_alhedra,TRICHOPTERA_HYDROPSYCHIDAE_HYDROPSYCHE_bronta,TRICHOPTERA_HYDROPSYCHIDAE_HYDROPSYCHE_morosa,TRICHOPTERA_HYDROPSYCHIDAE_HYDROPSYCHE_slossonae,TRICHOPTERA_HYDROPSYCHIDAE_HYDROPSYCHE_sp,TRICHOPTERA_HYDROPSYCHIDAE_HYDROPSYCHE_sparna,TRICHOPTERA_HYDROPSYCHIDAE_HYDROPSYCHE_ventura,TRICHOPTERA_HYDROPSYCHIDAE_PARAPSYCHE_apicalis,TRICHOPTERA_HYDROPTILIDAE_HYDROPTILA_sp,TRICHOPTERA_HYDROPTILIDAE_PALAEAGAPETUS_celsus,TRICHOPTERA_HYDROPTILIDAE_PALAEAGAPETUS_sp,TRICHOPTERA_LEPIDOSTOMATIDAE_LEPIDOSTOMA_sp,TRICHOPTERA_LEPTOCERIDAE_NECTOPSYCHE_sp,TRICHOPTERA_LIMNEPHILIDAE_HYDATOPHYLAX_sp,TRICHOPTERA_LIMNEPHILIDAE_N/A_imm,TRICHOPTERA_LIMNEPHILIDAE_PYCNOPSYCHE_sp,TRICHOPTERA_MOLANNIDAE_MOLANNA_sp,TRICHOPTERA_ODONTOCERIDAE_PSILOTRETA_sp,TRICHOPTERA_PHILOPOTAMIDAE_DOLOPHILODES_sp,TRICHOPTERA_PHILOPOTAMIDAE_WORMALDIA_sp,TRICHOPTERA_PHRYGANEIDAE_OLIGOSTOMIS_sp,TRICHOPTERA_POLYCENTROPODIDAE_POLYCENTROPUS_sp,TRICHOPTERA_RHYACOPHILIDAE_RHYACOPHILA_acutiloba,TRICHOPTERA_RHYACOPHILIDAE_RHYACOPHILA_atrata,TRICHOPTERA_RHYACOPHILIDAE_RHYACOPHILA_carolina,TRICHOPTERA_RHYACOPHILIDAE_RHYACOPHILA_carolina group,TRICHOPTERA_RHYACOPHILIDAE_RHYACOPHILA_fenestra,TRICHOPTERA_RHYACOPHILIDAE_RHYACOPHILA_fuscula,TRICHOPTERA_RHYACOPHILIDAE_RHYACOPHILA_invaria grp,TRICHOPTERA_RHYACOPHILIDAE_RHYACOPHILA_minor,TRICHOPTERA_RHYACOPHILIDAE_RHYACOPHILA_nigrita,TRICHOPTERA_RHYACOPHILIDAE_RHYACOPHILA_sp,TRICHOPTERA_RHYACOPHILIDAE_RHYACOPHILA_sp a,TRICHOPTERA_RHYACOPHILIDAE_RHYACOPHILA_sp b,TRICHOPTERA_RHYACOPHILIDAE_RHYACOPHILA_torva,TRICHOPTERA_UENOIDAE_NEOPHYLAX_sp
2000,0,0,2,0,0,0,2,0,0,0,7.429,0,0,0,0,3.429,2,0,11.143,0,0,0,0,0,7.714,0,5.714,0,3.714,0,25.714,2,14.857,0,0,1.714,0,0,33.714,0,4,2,0,0,0,3.714,3.714,0,21.143,0,0,76.857,0,2,0,0,0,0,0,0,0,0,0,3.714,0,68,0,0,0,5.714,0,16.857,3.714,9.714,4,0,0,0,0,7.143,0,7.143,0,0,0,0,0,7.143,0,7.143,0,0,0,0,0,0,0,0,3.429,0,0,0,0,0,29.429,0,0,0,0,2,2,0,111.714,0,0,0,0,0,0,0,0,0,0,0,0,0,0,0,0,2,0,0,0,0,0,2,0,0,0,0,59.714,0,0,7.143,0,0,0,187.143,0,0,0,0,0,51.429,0,0,0,0,15.429,0,0,0,0,0,0,0,0,11.714,0,0,1.714,0,0,5.714,0,3.714,0,6,0,0,0,0,0,0,0,15.714,0,0,0,0,2,0,0,0,0,0,73.714,0,0,0,0,0,0,164,0,0,4,10.857,0,5.143,0,0,27.714,0,14,0,0,0,0,0
2001,0,0,0,1.2,0,0,0,0,0,0,1.2,0,0,0,0,8.1,0,0,11.7,0,0,0,0,0,0,0,1.5,0,0,0,0,0,0,0,0,0,0,0,96.9,0,0,0,0,0,0,0,0,0,84.3,0,0,38.4,0,0,0,0,0,18.6,0,0,0,0,0,0,6.9,15.6,0,0,0,3.9,0,26.4,0,11.4,10.2,0,0,1.2,0,0,0,0,0,0,0,0,0,116.7,0,9,0,0,0,0,0,0,1.5,0,4.5,0,0,0,0,0,123.9,0,0,0,0,1.5,0,0,7.2,0,0,0,0,0,0,0,0,0,0,0,0,0,0,0,0,0,0,0,0,0,0,0,0,0,0,1.5,0,0,4.5,9.6,0,0,0,108.9,0,0,0,0,0,30.6,0,0,0,30,0,0,0,0,0,1.5,0,0,0,8.7,0,0,1.2,0,1.2,0,0,8.1,0,0,1.5,1.2,0,0,4.2,0,0,1.5,0,0,5.1,0,11.1,0,9.3,1.5,0,0,56.4,0,0,0,0,0,2.7,81.9,0,0,0,23.7,0,4.5,0,0,18,10.5,9,0,0,0,0,0
2002,0,0,0,0,0,0,8,0,4,4,8,0,0,0,0,16,4,0,12,0,0,0,0,0,0,0,20,0,0,0,0,0,8,0,0,0,0,0,56,0,0,4,0,0,0,0,0,0,44,0,0,196,0,0,0,0,0,28,0,0,0,0,0,4,0,36,0,0,0,0,0,28,0,8,12,0,0,4,0,12,0,4,0,0,0,0,0,164,0,12,0,0,0,0,0,0,0,0,0,0,0,0,0,0,56,0,0,0,0,0,0,0,0,0,0,0,0,0,0,0,0,0,0,0,0,0,0,0,0,0,0,0,0,0,0,0,0,0,0,0,4,0,0,0,0,0,0,0,252,0,0,0,0,0,28,0,0,0,84,0,0,0,0,0,0,0,0,20,0,0,12,0,4,0,0,0,0,0,0,0,0,0,8,0,0,4,0,0,0,0,8,0,0,0,0,0,16,0,0,0,0,0,0,156,0,0,4,4,0,0,0,0,40,8,4,0,0,0,0,0
2003,0,4,0,0,0,0,0,0,8,0,8,0,0,0,0,20,0,0,0,0,0,0,0,0,4,0,8,0,0,0,4,0,4,0,0,0,0,0,52,0,0,0,4,4,0,4,0,0,160,0,0,88,0,0,0,0,0,4,0,0,0,0,0,8,20,36,0,0,0,4,0,40,0,8,8,0,0,0,0,12,0,4,0,0,0,16,0,76,0,8,0,0,0,0,8,0,0,0,0,0,0,0,0,0,52,0,0,8,0,0,0,0,8,0,0,0,0,0,0,0,0,0,0,0,0,0,0,0,0,0,0,0,0,4,0,0,0,0,0,0,128,0,0,4,0,0,0,88,0,0,0,0,0,24,0,0,0,0,52,0,0,0,0,0,0,0,0,0,0,0,4,0,4,0,0,20,0,0,4,0,0,0,0,0,0,0,0,0,20,0,20,0,0,0,0,0,92,0,0,0,0,0,0,464,0,0,4,0,0,12,0,0,16,0,0,0,0,0,0,0
2004,0,0,0,1.2,0,1.2,0,0,27.6,0,7.2,0,0,0,0,0,2.4,0,0,0,0,0,0,0,2.4,0,0,0,0,0,7.2,0,6,0,0,0,0,0,30,0,0,3.6,0,0,0,0,0,0,24,0,0,8.4,0,0,0,0,0,1.2,0,0,0,0,0,6,0,9.6,0,0,0,1.2,0,20.4,0,3.6,3.6,0,0,0,0,0,0,0,0,0,0,0,0,26.4,0,0,0,0,0,0,0,0,0,0,1.2,0,0,0,0,0,0,0,0,0,0,0,0,0,0,0,0,0,0,0,0,0,0,0,0,0,0,0,0,0,0,0,0,0,0,0,0,0,0,0,0,0,2.4,0,0,0,0,0,0,0,31.2,0,0,0,0,0,12,0,0,9.6,0,0,0,0,0,1.2,0,0,0,2.4,0,0,0,0,0,0,0,13.2,0,0,0,3.6,0,0,0,0,0,1.2,0,0,0,0,1.2,0,3.6,0,0,3.6,18,0,0,0,0,0,0,7.2,0,0,0,1.2,0,3.6,0,0,20.4,1.2,1.2,0,0,0,0,1.2
2005,0,0,0,0,0,0,1.846,0,72,0,3.692,0,0,0,0,33.231,0,0,0,0,0,0,0,0,0,0,0,0,0,0,12.923,0,1.846,0,0,0,0,0,5.538,0,0,7.385,0,0,0,0,1.846,1.846,11.077,0,0,55.385,0,0,0,0,0,0,0,0,0,0,0,3.692,0,24,0,0,1.846,0,0,3.692,0,3.692,7.385,0,0,0,0,0,0,0,0,0,0,0,0,27.692,0,9.231,0,0,0,0,20.308,1.846,0,0,0,0,0,22.154,3.692,0,20.308,0,0,0,0,0,0,0,0,0,0,0,1.846,0,0,0,0,0,0,0,0,0,0,0,0,0,0,0,0,0,0,0,0,0,0,0,0,0,0,3.692,0,0,0,0,0,0,0,0,0,96,0,0,0,1.846,0,0,0,0,0,5.538,0,0,0,11.077,0,0,0,0,0,0,1.846,25.846,0,0,1.846,1.846,0,0,0,0,0,12.923,0,0,5.538,0,5.538,0,0,0,0,0,79.385,0,0,0,0,0,0,46.154,0,0,5.538,0,0,16.615,0,0,11.077,0,0,0,0,0,0,0
2006,0,0,0,0,0,0,0,0,36,0,14,0,0,0,2,2,10,2,0,4,0,0,6,0,0,0,0,0,0,0,0,0,16,0,0,0,0,0,18,0,0,10,0,0,0,0,10,0,102,0,8,2,0,0,0,0,0,8,0,0,0,0,6,28,0,64,0,0,0,2,0,46,0,2,4,0,0,0,0,0,0,0,0,0,4,0,2,90,0,14,0,0,0,0,0,0,10,0,10,0,0,2,0,0,12,0,0,0,0,0,0,0,0,0,0,0,0,0,0,0,0,0,0,0,0,0,0,0,0,0,0,0,0,0,8,0,0,0,0,0,66,0,0,4,0,0,0,146,0,0,0,0,52,0,0,0,0,28,0,0,0,0,0,4,0,0,0,2,0,0,0,2,0,0,0,0,0,0,0,0,0,0,8,0,0,0,0,0,0,0,0,0,0,0,2,0,36,0,0,0,0,2,6,32,4,0,14,2,0,0,2,0,20,2,0,0,0,0,0,0
2007,0,0,0,0,0,0,3.515,0,29.212,0,17.576,0,0,0,0,27.758,3.758,0,2.667,0,0,0,0,0,0,5.091,0,0,0,0,0,0,2.667,0,0,1.091,0,0,9.455,0,1.333,3.273,2.182,0,0,0,3.273,0,75.03,4.606,0,125.455,0,0,1.333,0,0,6.788,0,0,1.091,0,0,4.848,0,24.727,0,0,1.333,3.758,0,28.121,0,16.727,13.697,0,0,2.667,0,0,0,0,0,0,0,0,0,86.061,0,0,1.091,0,0,0,24,0,0,4.848,0,1.091,0,0,0,41.091,14.182,0,0,1.333,0,2.667,0,0,0,0,0,0,0,0,0,0,0,0,0,0,0,0,0,0,0,0,0,0,0,0,0,0,1.091,0,0,0,12.97,0,0,0,1.333,0,0,0,0,7.03,50.788,0,0,0,50.667,0,0,9.455,0,0,0,0,0,3.758,0,0,0,2.424,0,0,0,0,0,0,0,8.848,0,0,4.848,0,9.697,0,0,0,0,23.758,0,0,0,0,5.091,1.091,0,0,0,1.333,24.727,0,0,0,0,0,3.273,4,7.03,0,13.818,0,0,0,0,0,10.788,0,0,1.333,0,0,0,0
2008,0,0,0,0,0,0,0,0,17.4,0,3,0,0,0,0,2.4,0.6,0,0.6,0,0,0,0,0,1.8,0,0,0,0,0,1.2,0,3,0,0,0.6,0,0,9,0,0,0,0,0,0,0,2.4,0,15.6,0,0,4.8,0,0,0,0,0,1.2,0,0,0,0,2.4,0.6,0,16.8,0,0,0,0,0,5.4,0,9,5.4,0,0,0,0,0,0.6,0,0,0,0,0,0,21.6,0,0,0,0.6,0,0,0,0,1.8,0,0,0,0,0,24.6,0,0,0,0,0,0,0,0,0,1.2,0,0,0,0,0,0,0,0,0,0,0,0,0,0,0,0,0,0,0,0,0.6,0,0,0,0,0,0,4.8,0,0,1.2,0,0,0,87,0,0,0,3.6,9.6,0,0,0.6,0,40.2,0,0,0,0,0,0.6,0,0,0,1.2,0,3,0,0.6,0,0,0,1.8,0,0,0,0,0,0,0,0,2.4,0,0,0,1.2,0,5.4,0,1.8,0,1.8,0,7.2,0,0,0,0,0,0,3.6,0,0,2.4,0,0,0,0,0,8.4,1.2,1.8,0,0,0,2.4,0
2009,0,0,0,0,0,0,0,0,0,0,12,0,0,0,0,36,2.4,0,2.4,0,0,0,0,0,0,0,0,0,0,0,4.8,0,0,0,0,0,0,0,72,0,4.8,0,0,0,0,0,2.4,0,79.2,0,0,26.4,0,0,0,0,0,33.6,0,0,0,0,0,0,0,9.6,0,0,0,0,0,50.4,0,7.2,2.4,0,0,0,0,0,0,0,0,0,0,0,0,127.2,0,26.4,0,0,0,0,0,0,0,0,0,0,2.4,0,0,36,4.8,0,0,0,0,0,0,0,0,0,0,0,0,0,0,0,0,0,0,0,0,0,0,0,0,0,0,0,0,0,0,0,0,0,0,0,0,28.8,0,9.6,0,0,9.6,0,0,0,74.4,0,0,52.8,0,0,0,28.8,0,0,0,0,0,9.6,0,0,0,2.4,0,0,0,2.4,0,0,0,4.8,0,0,2.4,0,0,0,0,0,0,2.4,0,0,0,0,0,0,0,0,0,0,19.2,0,2.4,0,0,0,0,9.6,0,0,0,0,2.4,9.6,0,0,14.4,0,0,0,4.8,0,0,0
2010,0,0,0,0,0,0,1.846,1.846,11.077,0,3.692,0,0,0,0,5.538,0,0,0,0,0,0,0,0,0,1.846,0,1.846,0,0,0,0,1.846,0,0,0,0,0,0,0,0,1.846,0,0,0,0,1.846,0,5.538,0,0,0,0,0,0,0,0,1.846,0,0,0,0,0,0,0,9.231,0,0,0,3.692,0,75.692,0,1.846,7.385,0,0,0,0,0,0,0,0,0,0,7.385,0,94.154,0,0,0,0,0,0,0,0,0,0,0,0,0,0,0,0,25.846,0,0,0,0,0,0,0,0,0,1.846,0,0,0,0,0,1.846,0,0,0,0,0,0,0,0,0,0,0,0,0,0,0,0,0,0,0,3.692,0,0,0,0,0,11.077,0,0,0,164.308,0,22.154,0,0,0,0,20.308,0,0,0,0,0,0,0,0,0,5.538,0,11.077,0,0,0,0,0,1.846,0,0,1.846,3.692,0,0,0,0,0,0,0,0,0,0,1.846,0,5.538,0,0,1.846,24,0,0,0,0,0,0,12.923,0,0,0,0,0,0,3.692,0,27.692,0,5.538,0,0,3.692,0,0
2011,0.706,0.5,0,0,0,0,0,0,12.471,0,5.618,0,0,0,0,6.029,0,0,8.029,0,0,0,1.206,0,0.706,0,0,0,0,0,0,0,0.5,0,0,0,0,0.5,4.412,0,1.412,1.706,0,0,0,0,0,0,23.176,0,0,1,0,0,0,0,0.706,0,0,0,0,0,0,3.5,0,0,22.441,0,0,1.206,0,19.971,0,2.618,9.147,0,0,3.118,0,0,0,2.618,0,0,0,0,0,24.529,0,0,0,0,0,0,0,0,8.853,0,0,0,0,0,0,0,1.912,0,0,0.706,0,0,0,0,0,0,0,0,0,0,0,0,0,0,0,0.706,0,0,0,0,0,0,0,0,0.706,0,1.706,0,0,0.706,0,0.706,1.412,0,0,11.765,0,0,5.412,0,0,0,46.118,0,0,11.941,0,0,2.412,3.912,0,0,0,0,0,0,0,0,0,1.206,0,1.206,0,0,0.5,0,0,1.206,0.5,0,1.206,0.5,0,0,0,0,0,2,0,0,0,0,0,0,1,0,0,0,11.353,0,0,0,0,0,0.5,7.706,0.5,0,0.706,0,0,0,0,2.912,7.529,1.706,12.382,0,0,14.176,0,0
2012,0,0,0,0,0,0,6.5,0,21.5,0,4.5,0,0,0,0,26,0,0,0,0,0,0,4,0,0,0,5.5,0,0,0,6,0,1.5,0,0,0,0,0,88.5,0,14,9.5,0,0,0,0,0,0,67.5,0,0,124,0,0,3,2,0,16,0,0,1.5,0,0,1.5,0,0,3,0,0,0,0,29,0,17.5,5,0,0,1.5,0,0,2,0,1.5,0,0,0,0,161.5,0,0,0,0,0,0,7.5,0,0,4.5,0,0,0,0,0,76.5,30.5,0,0,2,0,0,0,0,0,0,0,0,0,0,0,0,6,14,0,0,0,0,0,0,0,0,0,0,0,0,0,0,0,0,0,2,3.5,0,0,7.5,0,0,7,0,0,0,108.5,0,0,60,0,0,0,24.5,0,0,0,0,0,9.5,0,2,0,5.5,0,16,0,0,2,0,0,1.5,0,0,0,3,0,0,0,0,0,12,0,0,0,0,2,3,7.5,0,0,0,84.5,1.5,0,0,0,0,3,1.5,0,0,6,0,0,0,3.5,0,15.5,0,0,0,0,5.5,0,0
2013,0,0,0,0,0,0,0,0,0,0,4.667,0,0.667,0,0,2.667,0.667,0,1.333,0,0,0,1.333,0.667,1.333,7.333,14,0,0,0,0.667,0,24,0,0,0,0,0,6,0,0,1.333,0,8,0,0,0,0,30.667,0,0,6.667,0,0,0,0,0,0.667,0.667,0,0,0,0,0,0,14.667,0,0,0,0,1.333,48.667,0,4,6.667,0,0,0,0,0,10,0.667,0,0.667,0,0,0,109.333,0,0,0,0.667,0,0,0,0,1.333,0,0,0,0,0,0,0,12.667,0,0,0,2,0,0,0,0,0.667,0,0,0,0,0.667,0,0,0,0,0,0,0,0,0,0,0,0,0,0,0,0,0.667,0,0,0,0,0,0,0,0,0,0.667,0,0,93.333,0,0,0,2,0,0,0,0,0,0,0,4.667,0,0,4,0,0,0,0,0,9.333,0,3.333,0,0,0,0.667,0,0,0,0,0,2,0,0.667,0,0,1.333,2.667,0,0,0,0,0.667,0,0,0,3.333,0,0,0,0,0,0,0,0,0,2,0,0,0,0,0,17.333,0,3.333,0.667,0,0,0,0
2014,0,0,2.5,0,0,0,1,0,0.5,0,3.5,0,0,0,0,5,0,0,0,0,0,0,0,0,0.5,0,0,0,0,0.5,0,0,0,0.5,0,0,0,0,1,4.5,0,2.5,0,0,0,0.5,0.5,0,6.5,0,0,5.5,0,0,0,0,0,2,0,0.5,0,0,0,0,0,0,5,0,0,0,0,5.5,0,6.5,2,0,0,0.5,0,0,0,0,0,0,0,0,0,60,0,0,0,0,0,0,1,0,2.5,0,0,0,0,0,0,6,18.5,0,0,2.5,0,0,2,0,0,0,0.5,0,0,0,0,0,0,0,0,0,0,0.5,0,0,0,0,0,0,0,0,0,0,0,0,0,0,6,0,0,4,0,0,5,0,0,0,54.5,0,0,18,0,1,0,0,0,0,16.5,0,0,3,0,0,0,2.5,0,4,0,3,0,0,0,1.5,0,0,0,0,0,0,0,0,0,7,0,0,0,0,0.5,0.5,3,0,0,0.5,45.5,0,0,0,0,0,2,1.5,1,0,3,0,0,0,0,0,6,0,0.5,0,4,0,0,0
2015,0,0,0,1,0,0,1.091,0,32.909,0,6.455,0,0,0,0,1,4.091,0,1,0,0,0,0,0,0,0,10.727,0,0,0,8.545,0,0,0,1.091,0,0,1,48.909,0,2,0,0,0,0,0,2.091,0,9.455,0,0,52.727,0,0,0,0,0,0,0,0,0,1,0,1.091,0,0,8.182,0,0,0,0,8.091,4.364,7.364,0,0,15.818,3,0,0,0,0,0,0,0,0,0,90.273,1,0,6.182,0,0,0,2.091,0,0,1,0,0,0,0,0,1,19.909,0,0,0,0,0,0,1.091,0,0,0,0,0,0,0,0,3.091,0,2.182,0,0,0,1.091,0,0,0,0,0,0,0,0,0,0,0,0,0,1.091,0,0,6.273,0,0,3.182,0,0,0,119.273,0,0,14.273,0,0,0,0,0,22.273,0,0,1,8.455,0,0,0,5,0,5.273,0,0,0,0,1,4.273,1,0,0,1.091,0,0,0,0,0,5.091,0,0,0,0,0,2.091,0,0,0,0,42.455,0,0,2.182,0,0,1,13,1,0,1,0,0,0,1,0,29.455,0,0,2.091,3,0,0,0
2016,0,0,0,0,0,0,2.533,0,77.067,0,0,0,0,0,0,3.733,0,0,5.067,0,0,1.2,0,0,3.867,0,32.4,0,0,0,11.6,0,0,0,0,0,0,0,21.333,1.2,0,2.533,0,0,0,0,0,0,88.8,0,0,35.733,0,0,0,0,0,5.2,0,0,0,0,0,6.533,0,0,21.733,0,0,0,0,2.533,0,3.733,3.733,0,0,0,2.533,0,0,1.333,0,0,0,0,0,100.933,0,0,0,0,0,0,4,0,1.2,0,0,0,0,0,0,18,4,0,0,0,0,0,0,1.2,0,0,0,0,0,0,0,0,0,0,0,0,0,0,0,0,0,0,0,0,0,0,0,0,0,0,0,0,0,0,0,0,0,0,5.333,0,0,0,36.267,0,0,10,0,1.333,0,0,0,12,0,2.533,0,13.6,0,0,0,3.867,0,8.667,0,1.2,0,0,0,14,0,0,7.333,13.6,0,0,0,0,0,19.333,0,0,0,0,4.8,2.4,1.2,0,0,9.333,96.267,0,0,1.2,0,0,2.4,12.8,0,0,2.4,0,0,0,0,0,16.267,0,1.333,1.2,6.4,0,0,0
2017,0,0,0,0,0,0,4.519,0,32.416,0,0,5.61,0,0,0,0,1.714,0,2.805,0,0,0,1.714,0,1.091,0,7.169,0,1.714,0,3.896,0,1.714,0,0,0,0,0,37.87,0,5.143,11.377,0,0,0,1.091,0,0,67.325,0,0,73.247,0,0,0,0,0,17.143,0,0,6.857,1.714,0,9.506,0,0,38.805,0,0,3.896,0,41.922,0,16.052,0,3.896,0,0,0,0,1.091,0,0,0,0,0,0,159.896,0,1.091,0,7.169,0,0,3.429,0,8.571,0,0,0,0,0,0,0,0,27.429,0,0,0,0,0,0,0,0,0,0,0,2.182,0,0,1.714,0,0,0,0,0,0,0,0,0,1.714,0,0,0,0,1.714,0,0,0,0,0,0,0,0,0,0,4.987,0,0,0,104.727,0,0,18.546,0,0,1.714,0,0,0,37.87,0,1.714,8.415,0,0,3.429,3.429,0,0,12.623,11.221,0,0,0,40.831,0,0,6.234,4.519,0,0,0,0,0,33.039,0,0,0,0,6.701,0,1.714,0,0,0,37.091,0,0,0,0,0,1.714,21.974,0,0,10.13,0,0,0,4.364,0,26.338,0,5.143,8.416,3.429,0,0,0
2018,1,0,0,0,0.857,0,4.714,0,31.286,0,0,9.714,0,0,0,11.857,1,0,0,0,0,0,0.857,0,0,0,6.429,0,0,0,1,0,0,0,0,0,1,0,49.714,1,0,2,0,0,0,0,0.857,0,17.286,0,0,11,0,0,0,0,0,6.571,0,0,0,0,0,1.857,0,0,6.571,0,0,3,0,2.857,0,22.429,5.714,0,0,0.857,0,0,0,0,0,0,0,0,0,94,0,0,0,0,0,0,13.429,0,0,2.714,0,0,0,0,0,0,1.857,10.143,0,0,0,0,0.857,0,0,0,0,0,0,0,1.857,0,0,0,0,0,0,0,0,0,0,0,0,1,0,0,1.714,2.857,0,0,0,3,1,0,0,0,0,1,4,0,0,0,37.143,0,0,14.857,0,0,0,0,0,0,1,0,0,6.571,1.714,0,0,4.714,0,3.714,0,0,0,0,0,10,0,0,0.857,3,0,0,0,0,0,8.143,0,0,0,1,1,6.429,0,0,0,0,97.571,0,0,0,0,0,3.714,0,0,0,3.714,0,0,0,0,0,1.857,0,0.857,0.857,1.714,0,0,0
2019,0,0,0,0,2,0,2.4,0,222,0,0,1.2,0,0,0,6.8,0,0,4.4,0,4,0,0,0,0,0,10,0,0,1.2,10.4,0,0,0,0,0,0,0,10.4,2,0,0,0,0,0,0,0,0,24.8,0,0,60,2,0,0,0,0,4,0,0,0,0,9.2,17.2,0,0,19.6,0,0,2,0,8.4,0,10,12.4,0,0,0,2,0,0,0,0,0,0,0,0,113.6,0,0,0,0,0,0,0,0,0,0,0,0,0,0,0,0,0,2.4,0,4.4,0,0,20.8,3.6,0,0,0,2,0,0,2,0,0,0,0,0,1.2,0,0,0,0,0,0,0,0,0,0,1.2,0,0,8.4,0,0,0,0,0,0,0,2.4,0,0,0,89.2,0,0,3.6,0,0,0,0,0,0,26,0,0,22,0,0,0,2,0,3.2,0,6.8,0,0,0,73.2,0,0,12.4,35.2,0,0,0,0,0,50.4,0,0,3.2,0,2,7.6,4,0,0,2,160.8,0,0,0,0,0,3.2,5.6,0,0,8,0,0,0,0,0,19.6,0,0,3.2,6,0,0,0
2020,0,0,0,0.6,0,0,3.867,0,17.333,0,0,0,0,0,0,11.6,0,0,7.267,0,0,0,0.6,0,1.2,0,4,0,0,0,2.533,0,2.4,0,0,0,0,0,4,0,0,1.333,0,0,0,0,0,0,13.2,0,0,84.6,0,0,0,0,0,1.333,0,0.6,0,0,0,5.933,0,0,19,0,0,0.6,0,20.133,0,7.133,0.6,0,0,0,0,0,1.2,0,0,0,0,0,0,32.667,0,0,0,0,0.6,5.067,0,0,0,0,0,0,0,0,0,0,1.933,0,1.333,0.6,0,0,0,6.533,0,0,1.333,0,0,0,0,0,0,0,0,0,0,0,0,0,0,0,0,0,0,0,0,0.6,0,0,0,3.133,0,0,0,2.667,0,0,0,0,0,0,67.6,0,0,5.933,0,0,0,0,0,0,5.2,0,0,15,0,0,0,0.6,0,0,0,6.4,0,0,0,21.6,0,0,3.133,8.067,0,0,0,1.333,0,9.067,0,0,0,0,3,3.867,0.6,0,0,0,237.067,0,0,0,0,0,1.333,16.133,0,0,1.8,0,0,0,0,0,22.2,0,0,0,3.867,0,0,0
2021,2,0,0,0,0,0,2.857,0,7.143,0,0,0,0,0,0,6.857,0.857,0,0,0,0,0,0,0,2.571,0,14.571,0,0,0,32.857,0,4,0,0,0,0,0,0,0,0,6.857,0,0,0,0,0,0,10.571,0,0,49.429,0,0,2,0,0,0,0,2.857,0,0,26.857,0.857,0,0,7.714,0,0,2,0,14,12.286,0.857,8,0,0,0,0,0,0,0,0,0,0,0,0,63.143,0,0,0,0,0.857,17.714,0,0,7.714,0,0,0,0,0,0,0,81.429,0,2,0,0,0,10.571,31.429,0,0,2,0,0,0,0,0.857,0,0,0,0,0,0,0,0,0,0,0,0,0,0,0,0,0,0,0,2.857,0,0,0,0,0,0,12,0,0,0,90.286,0,0,6.857,0,0,0,0,0,0,26.286,0,0.857,16.571,0,0,0,0,9.714,0.857,0,2.857,0,0,0.857,130,0,0.857,4.571,19.429,0,0,0,0,0,31.429,0,0,0,0,1.714,4.857,0,0,0,0,213.714,0,0,0,0.857,0,0.857,37.143,0,0,28.857,0,0,0,0,0,20,0,2.857,2,1.714,0,0,0
2022,0,0,0,4.667,0,0,5,0,10.333,0,0,2,0,2,0,9.667,2,0,0,0,0,0,0,0,3.667,0,3.667,0,0,0,1,0,1,0,0,0,0,1.333,18.333,6.333,0,4.667,0,0,2.333,0,0,0,5.333,0,0,1,0,0,0,0,0,5.667,0,1,0,0,0,1,0,0,4.333,0,0,0,0,10,7.667,10.333,21.333,0,0,1.333,0,0,0,5,0,0,0,0,0,50.667,0,0,0,0,2.333,27,0,0,0,7,0,0,0,0,0,0,5.333,0,0,5.667,0,0,1,5.667,0,0,1.333,0,0,0,0,6.333,0,0,0,0,0,0,0,0,1,0,0,2.333,0,0,0,2,0,2.667,0,16.667,0,0,0,0,0,0,7.333,0,0,0,121.333,0,0,11.333,0,0,2.333,0,0,0,5.333,0,1,23.333,0,0,0,1.333,0,0,0,0,1,0,0,31.667,0,0,15.333,24.333,0,0,0,0,0,16,0,0,0,0,0,4.333,2.667,0,0,1,227,0,0,0,0,0,1.333,22,0,1,16.667,0,0,1.333,0,0,4.667,0,0,1.333,8,0,0,0
2023,0,0,0,0.5,0,0,1,0,26.5,0,1.5,0,0,1.5,0,4.5,0.5,0,0,0,0,0,0,0,0,0,6.5,0,0,0,0,0,0,0,0,0,0,0,3,0,0,0,1,0,2.5,0,0,0,0,0,0,0,0,0,0,0,0,0,0,0,0,0,0,0.5,0,0,1.5,0.5,0,0,0,0,0,0,3,0,0,0,0,0,0,0,0,0,0,0,0,7,0,0,0,0,2,0.5,0,0,0,2.5,0,0,0,0,0,0,0,0,0,1,0,0,0.5,0,0,0,0,0.5,0,0,1,0,0,0,0,0,0,0,0,0,0,0,0,0,0,0,1.5,1.5,0,0,0,10.5,0,0,0,0,0,0,0,0,0,0,31.5,0,0,2,0,0,0,0,0,0,1.5,0,0,6.5,0,0,0,0,0,0,0,0,0,0,0,26,0,0,3,8,0,0,0,0,0,2,0,0,0,0,0,3.5,1.5,0,0,0.5,78,0,0,0,0,0,0.5,1,0,0,0.5,0,0,0,0.5,0,5,0,1,0,0,0,0,0
